[
    {
        "firstName" : "Sam",
        "department" : "Tech",
        "designation" : "Manager", 
        "salary" : 40000,
        "raiseEligible" : true
    },
    {
        "firstName" : "Mary", 
        "department" : "Finance", 
        "designation" : "Trainee", 
        "salary" : 18500, 
        "raiseEligible" : true
    },
    {
        "firstName" : "Bill",
        "department" : "HR", 
        "designation" : "Executive", 
        "salary" : 21200,
        "raiseEligible" : false
    }
]